<?xml version="1.0" encoding="utf-8"?>
<extension type="file" version="1.6" method="upgrade" client="site">
    <name><![CDATA[Astroid - de-DE]]></name>
    <author><![CDATA[JoomDev.com]]></author>
    <authorurl>http://www.joomlaplates.com</authorurl>
	<copyright>Copyright (C)2022 Joomlaplates.com. All rights reserved.</copyright>
	<license>http://www.gnu.org/licenses/gpl-3.0.html GNU/GPL</license>
    <version>1.0.2</version>
    <creationDate>06 Jan 2022</creationDate>
    <description><![CDATA[Deutsch (Deutschland) translation file for Astroid Framework.]]></description>


	<fileset>
		<files folder="frontend" target="language/de-DE">
			<filename>de-DE.astroid.ini</filename>
			<filename>de-DE.tpl_astroid_template_zero.ini</filename>
		</files>
	</fileset>
</extension>