<?xml version="1.0" encoding="utf-8"?>
<extension type="file" version="1.6" method="upgrade" client="site">
    <name><![CDATA[Astroid - sl-SI]]></name>
    <author><![CDATA[JoomDev.com]]></author>
    <authorurl>http://www.joomdev.com</authorurl>
	<copyright>Copyright (C)2022 JoomDev.com. All rights reserved.</copyright>
	<license>http://www.gnu.org/licenses/gpl-3.0.html GNU/GPL</license>
    <version>2.6.2</version>
    <creationDate>11 november 2022</creationDate>
    <description><![CDATA[Slovenski prevod datotek za Astroid Framework.]]></description>
	<fileset>
		<files folder="frontend" target="language/sl-SI">
			<filename>sl-SI.astroid.ini</filename>
			<filename>sl-SI.astroid.sys.ini</filename>
			<filename>sl-SI.tpl_astroid_template_one.ini</filename>
			<filename>sl-SI.tpl_astroid_template_one.sys.ini</filename>
			<filename>sl-SI.tpl_astroid_template_zero.ini</filename>
			<filename>sl-SI.tpl_astroid_template_zero.sys.ini</filename>
		</files>
	</fileset>
</extension>