<?xml version="1.0" encoding="UTF-8"?>
<extension type="file" version="2.5" method="upgrade">
	<name>Astroidfr-FR</name>
	<version>2.5.9</version>
	<creationDate>21/11/2021</creationDate>
	<author></author>
	<authorEmail></authorEmail>
	<authorUrl></authorUrl>
	<copyright></copyright>
	<license>http://www.gnu.org/licenses/gpl-2.0.html GNU/GPL</license>
	<packager></packager>
	<packagerurl></packagerurl>
	<description><![CDATA[]]></description>
	<fileset>
		<files folder="site/fr-FR" target="language/fr-FR">
			<filename>fr-FR.astroid.ini</filename>
			<filename>fr-FR.tpl_astroid_template_one.ini</filename>
			<filename>fr-FR.tpl_astroid_template_one.sys.ini</filename>
			<filename>fr-FR.tpl_astroid_template_zero.ini</filename>
			<filename>fr-FR.tpl_astroid_template_zero.sys.ini</filename>
		</files>
	</fileset>
</extension>
