<?xml version="1.0" encoding="utf-8"?>
<extension type="file" version="1.6" method="upgrade" client="site">
    <name><![CDATA[Astroid - ru-RU - Русский]]></name>
    <author><![CDATA[JoomDev.com]]></author>
    <authorurl>http://www.joomdev.com</authorurl>
	<copyright>Copyright (C)2019 JoomDev.com. All rights reserved.</copyright>
	<license>http://www.gnu.org/licenses/gpl-3.0.html GNU/GPL</license>
    <version>1.0.0</version>
    <creationDate>January 31st 2019</creationDate>
    <description><![CDATA[
	<table style="width: 90%;" border="0">
		<tbody>
			<tr>
				<td style="width: 100%;" colspan="2">
					<div align="center">
						<h3>Astroid Framework</h3>
					</div>
					<hr />
				</td>
			</tr>
			<tr>
				<td style="width: 18%;"><b style="text-align: justify;">Язык:</b></td>
				<td style="width: 80%;">Русский</td>
			</tr>
			<tr>
				<td style="width: 18%;"><b>Часть сайта:</b></td>
				<td style="width: 80%;">Административная и фронтальная</td>
			</tr>
			<tr>
				<td style="width: 18%;"><b>Автор:</b></td>
				<td style="width: 80%;">Владимир Кузнецов</td>
			</tr>
			<tr>
				<td style="width: 18%;"><b>Перевод для версии:</b></td>
				<td style="width: 80%;">2.0.2</td>
			</tr>
		</tbody>
	</table>
	]]></description>
	<fileset>
		<files folder="frontend" target="language/ru-RU">
			<filename>ru-RU.astroid.ini</filename>
		</files>
	</fileset>
</extension>