<?xml version="1.0" encoding="UTF-8" ?>
<extension method="upgrade" type="file">
    <name>Astroid_fr_FR_language_pack</name>
    <version>3.1.12</version>
    <creationDate>2025-03-16</creationDate>
    <author>Astroid Framework Team</author>
    <authorEmail>sonlv@templaza.com</authorEmail>
    <authorUrl>https://astroidframe.work</authorUrl>
    <copyright>Copyright (C) 2025 AstroidFrame.work, Inc. All rights reserved.</copyright>
    <license>GNU General Public License v3.0</license>
    <url>https://www.astroidframe.work</url>
<description><![CDATA[
<div style="padding: 17px; text-align: left;">
  <div style="margin-bottom: 10px;">
    <img src="https://img.shields.io/github/release/templaza/astroid-framework.svg" alt="Latest Version" style="display: inline-block; margin-right: 5px;">
    <img src="https://img.shields.io/badge/License-GPL%20v3-blue.svg" alt="License" style="display: inline-block;">
  </div>
  <div style="margin-bottom: 15px;">
    <p style="font-size: 16px; font-weight: bold; margin: 0;">Astroid Framework Translation - fr-FR</p>
    <p style="font-size: 14px; margin: 5px 0;">Traduction française par Yann / AFUJ - Joomla.fr</p>
  </div>
  <div>
    <a href="https://astroidframe.work" target="_blank" style="color: white; text-decoration: none; padding: 8px 15px; background-color: #28a745; border-radius: 4px; margin-right: 10px; display: inline-block;">
      <i class="icon-home"></i> Astroid Framework
    </a>
    <a href="https://docs.astroidframe.work/" target="_blank" style="color: white; text-decoration: none; padding: 8px 15px; background-color: #007bff; border-radius: 4px; margin-right: 10px; display: inline-block;">
      <i class="icon-support"></i> Documentation
    </a>
  </div>
</div>
]]></description>

	
<fileset>
        <!-- Admin component language folder -->
        <files folder="admin" target="administrator/language/fr-FR">
            <filename>mod_astroid_clear_cache.ini</filename>
            <filename>mod_astroid_clear_cache.sys.ini</filename>
        </files>

        <!-- Site component language folder -->
        <files folder="site" target="language/fr-FR">
            <filename>fr-FR.astroid.sys.ini</filename>
            <filename>fr-FR.astroid.ini</filename>
        </files>
    </fileset>
</extension>
