<?xml version="1.0" encoding="utf-8"?>
<extension type="file" version="1.6" method="upgrade" client="site">
    <name><![CDATA[Astroid - nl-NL]]></name>
    <author><![CDATA[JoomDev.com]]></author>
    <authorurl>http://www.joomdev.com</authorurl>
	<copyright>Copyright (C)2017 JoomDev.com. All rights reserved.</copyright>
	<license>http://www.gnu.org/licenses/gpl-3.0.html GNU/GPL</license>
    <version>1.0.0</version>
    <creationDate>12 Mar 2019</creationDate>
    <description><![CDATA[Dutch translation file for Astroid Framework.]]></description>
	<fileset>
		<files folder="frontend" target="language/nl-NL">
			<filename>nl-NL.astroid.ini</filename>
			<filename>nl-NL.tpl_astroid_template_zero.ini</filename>
		</files>
	</fileset>
</extension>