<?xml version="1.0" encoding="utf-8"?>
<extension type="file" version="1.6" method="upgrade" client="site">
    <name><![CDATA[Astroid - fr-FR]]></name>
    <author><![CDATA[JoomDev.com]]></author>
    <authorurl>http://www.joomdev.com</authorurl>
	<copyright>Copyright (C)2017 JoomDev.com. All rights reserved.</copyright>
	<license>http://www.gnu.org/licenses/gpl-3.0.html GNU/GPL</license>
    <version>1.0.2</version>
    <creationDate>13 Jan 2022</creationDate>
    <description><![CDATA[French (France) translation file for Astroid Framework.]]></description>
	<fileset>
		<files folder="frontend" target="language/fr-FR">
			<filename>fr-FR.astroid.ini</filename>
		</files>
	</fileset>
</extension>