<?xml version="1.0" encoding="utf-8"?>
<extension type="file" version="1.6" method="upgrade" client="site">
    <name><![CDATA[Astroid - ar-AA]]></name>
    <author>Salah JAAFAR</author>
    <authorurl>http://techno.rn.tn</authorurl>
	<copyright>Copyright (C)2024 JoomDev.com. All rights reserved.</copyright>
	<license>http://www.gnu.org/licenses/gpl-3.0.html GNU/GPL</license>
    <version>1.0.0</version>
    <creationDate>02 Oct 2024</creationDate>
    <description><![CDATA[ARABIC translation file for Astroid Framework.]]></description>
	<fileset>
		<files folder="frontend" target="language/ar-AA">
			<filename>ar-AA.astroid.ini</filename>
		</files>
	</fileset>
</extension>
